NUMVEN;CLANUM
6695;1
6703;2
6697;3
6705;4
6707;5
6706;6
6654;7
6795;8
6782;9
6779;10
6780;11
6784;12
6783;13
6771;14
6663;15
6661;16
6676;17
6321;18
6585;19
6588;20
6600;21
6599;22
6602;23
6589;24
6590;25
6604;26
6601;27
6603;28
6868;29
6864;30
6865;31
6875;32
6863;33
6571;34
6578;35
6866;36
6869;37
6835;38
6841;39
6537;40
6543;41
6346;42
6341;43
6333;44
6338;45
6776;46
6775;47
6245;48
6770;49
6404;50
6407;51
6399;52
6384;53
6398;54
6402;55
6406;56
6378;57
6400;58
6389;59
6383;60
6381;61
6388;62
6410;63
6397;64
6840;65
6838;66
6861;67
6839;68
6847;69
6375;70
6371;71
6380;72
6403;73
6370;74
6405;75
6358;76
6352;77
6357;78
6538;79
6541;80
6539;81
6536;82
6535;83
6544;84
6392;85
6373;86
6372;87
6401;88
6409;89
6386;90
6396;91
6394;92
6377;93
6408;94
6382;95
6393;96
6379;97
6374;98
6376;99
6698;100
6778;1
6777;2
6774;3
6786;4
6768;5
6785;6
6652;7
6651;8
6664;9
6773;10
6650;11
6653;12
6787;13
6781;14
6769;15
6793;16
6794;17
6797;18
6801;19
6804;20
6805;21
6790;22
6800;23
6827;24
6806;25
6796;26
6803;27
6789;28
6802;29
6792;30
6767;31
6799;32
6798;33
6656;34
6791;35
6815;36
6807;37
6831;38
6826;39
6830;40
6823;41
6817;42
6824;43
6816;44
6814;45
6441;46
6472;47
6457;48
6465;49
6442;50
6414;51
6421;52
6473;53
6447;54
6429;55
6424;56
6436;57
6462;58
6455;59
6463;60
6446;61
6452;62
6454;63
6435;64
6461;65
6433;66
6431;67
6418;68
6459;69
6439;70
6438;71
6432;72
6437;73
6416;74
6458;75
6456;76
6448;77
6440;78
6419;79
6430;80
6415;81
6427;82
6428;83
6417;84
6443;85
6434;86
6470;87
6460;88
6444;89
6423;90
6445;91
6425;92
6453;93
6467;94
6426;95
6469;96
6449;97
6474;98
6468;99
6464;100
6480;1
6482;2
6484;3
6496;4
6885;5
6495;6
6883;7
6493;8
6491;9
6502;10
6930;11
6490;12
6488;13
6886;14
6483;15
6489;16
6492;17
6880;18
6500;19
6497;20
6878;21
6503;22
6475;23
6882;24
6877;25
6879;26
6504;27
6479;28
6498;29
6487;30
6485;31
6884;32
6476;33
6481;34
6486;35
6501;36
6494;37
6499;38
6517;39
6511;40
6505;41
6512;42
6514;43
6567;44
6565;45
6557;46
6562;47
6564;48
6569;49
6594;50
6616;51
6624;52
6628;53
6595;54
6597;55
6611;56
6625;57
6612;58
6598;59
6629;60
6843;61
6596;62
6622;63
6515;64
6610;65
6620;66
6626;67
6623;68
6621;69
6607;70
6608;71
6613;72
6606;73
6619;74
6617;75
6627;76
6609;77
6605;78
6519;79
6510;80
6518;81
6513;82
6507;83
6506;84
6530;85
6523;86
6520;87
6528;88
6521;89
6531;90
6525;91
6524;92
6533;93
6549;94
6548;95
6545;96
6551;97
6552;98
6828;99
6477;100
8203;1
8186;2
8205;3
8197;4
8196;5
8201;6
8183;7
8192;8
8202;9
8188;10
8189;11
8193;12
8206;13
8204;14
8187;15
8199;16
8190;17
8194;18
4807;19
4804;20
7234;21
7232;22
7231;23
4806;24
4811;25
4802;26
4803;27
4809;28
4810;29
4805;30
7233;31
7209;32
7083;33
7081;34
7057;35
7058;36
7085;37
7025;38
7023;39
7022;40
7029;41
7002;42
3446;43
3468;44
3516;45
3459;46
3495;47
3482;48
3493;49
3445;50
3487;51
3483;52
3447;53
3443;54
3444;55
3535;56
3503;57
3494;58
3543;59
3448;60
3502;61
3512;62
6110;63
6125;64
5980;65
5922;66
5983;67
5927;68
5928;69
5921;70
6007;71
5924;72
5923;73
6219;74
6310;75
6318;76
6319;77
6314;78
6367;79
6366;80
6312;81
6368;82
6669;83
6670;84
6671;85
6674;86
6675;87
6679;88
6665;89
6667;90
6666;91
6678;92
6677;93
6672;94
6668;95
6673;96
6693;97
6687;98
6681;99
6680;100
8281;1
8263;2
8261;3
8529;4
8390;5
8291;6
8296;7
8303;8
8299;9
8463;10
8298;11
8393;12
8389;13
8391;14
8498;15
8464;16
8143;17
8500;18
8300;19
8142;20
8392;21
8292;22
8293;23
8294;24
8290;25
8297;26
8462;27
8257;28
8141;29
8302;30
8499;31
8256;32
8306;33
8308;34
8305;35
8217;36
8213;37
8284;38
8493;39
8491;40
8492;41
8216;42
8177;43
8164;44
8169;45
8151;46
8157;47
8158;48
8145;49
8146;50
8153;51
8159;52
8150;53
8165;54
8181;55
8182;56
8148;57
8179;58
8156;59
8147;60
8176;61
8144;62
8170;63
8168;64
8160;65
8149;66
8173;67
8171;68
8315;69
8249;70
8250;71
8231;72
8220;73
8223;74
8242;75
8241;76
8234;77
8248;78
8239;79
8244;80
8246;81
8233;82
8237;83
8229;84
8247;85
8235;86
8232;87
8227;88
8243;89
8218;90
8272;91
8488;92
8271;93
8490;94
8487;95
8486;96
8278;97
8266;98
8133;99
8132;100
5728;1
5654;2
5726;3
5691;4
5681;5
5729;6
5695;7
5694;8
5698;9
5673;10
5674;11
5699;12
5659;13
5667;14
5672;15
5675;16
5689;17
5690;18
5688;19
5696;20
5683;21
5653;22
5693;23
5686;24
5664;25
5666;26
5685;27
5687;28
5697;29
5652;30
5723;31
5751;32
5657;33
5655;34
5679;35
5651;36
5700;37
5727;38
5671;39
5662;40
5677;41
5676;42
5724;43
5661;44
5660;45
5668;46
5722;47
5721;48
5730;49
5680;50
5738;51
5732;52
5843;53
5836;54
5816;55
5839;56
5815;57
5838;58
5817;59
5827;60
5850;61
5840;62
5824;63
5812;64
5684;65
6094;66
6053;67
6050;68
6091;69
6093;70
6089;71
6096;72
6055;73
6087;74
6052;75
6082;76
5649;77
5648;78
5647;79
5646;80
5645;81
5644;82
5643;83
5642;84
5641;85
5640;86
5639;87
5638;88
5636;89
5634;90
5633;91
5632;92
5631;93
5630;94
5629;95
5628;96
5621;97
5619;98
5618;99
5617;100
5548;1
5549;2
5546;3
5553;4
5551;5
5865;6
6074;7
5856;8
6184;9
5854;10
6070;11
6063;12
6060;13
5871;14
5869;15
5879;16
6068;17
6183;18
6075;19
5868;20
6061;21
5870;22
6059;23
5872;24
6182;25
6185;26
6065;27
5875;28
6062;29
5874;30
6077;31
5851;32
5853;33
6069;34
6180;35
6176;36
6181;37
5859;38
6177;39
6067;40
5857;41
5861;42
6064;43
6178;44
5863;45
5867;46
5880;47
5881;48
5852;49
5876;50
6072;51
5873;52
5878;53
6071;54
5882;55
5866;56
6076;57
5877;58
6179;59
6066;60
5858;61
5864;62
5862;63
5860;64
6073;65
5523;66
5520;67
5525;68
5528;69
5524;70
5522;71
5529;72
6188;73
6173;74
6191;75
6187;76
6172;77
6190;78
6189;79
6186;80
6192;81
6174;82
6293;83
6294;84
6291;85
6295;86
6287;87
6288;88
6285;89
6290;90
6292;91
5945;92
5944;93
5936;94
5946;95
5940;96
5942;97
5941;98
5938;99
5943;100
6165;1
6167;2
6142;3
6146;4
6157;5
6139;6
6144;7
6143;8
6158;9
6159;10
6163;11
6160;12
6166;13
6141;14
6162;15
6156;16
6168;17
6138;18
6098;19
6140;20
6147;21
6145;22
6152;23
6148;24
6153;25
5544;26
5545;27
5540;28
5543;29
5542;30
5541;31
5937;32
5934;33
5968;34
5974;35
5977;36
5978;37
5972;38
5931;39
5932;40
5976;41
5919;42
5935;43
5918;44
5920;45
5917;46
5967;47
5979;48
5933;49
6249;50
6256;51
6270;52
5506;53
5512;54
5507;55
5508;56
5511;57
5760;58
5502;59
5756;60
5516;61
5770;62
5762;63
5517;64
5885;65
5891;66
5883;67
5890;68
5884;69
6274;70
6268;71
6269;72
6267;73
6266;74
6250;75
6253;76
6254;77
6255;78
6251;79
6248;80
6252;81
6271;82
6272;83
6247;84
6258;85
6275;86
6276;87
6273;88
6257;89
5737;90
5781;91
5785;92
5784;93
5788;94
5790;95
5772;96
5782;97
5786;98
5745;99
5748;100
8832;1
8834;2
8840;3
8842;4
8836;5
8837;6
8989;7
8775;8
8772;9
8990;10
8988;11
8771;12
8997;13
8996;14
8774;15
8984;16
8994;17
8987;18
8773;19
8760;20
8866;21
8864;22
8871;23
8869;24
8894;25
8921;26
8914;27
8917;28
8931;29
8892;30
8929;31
8927;32
8891;33
8874;34
8873;35
8885;36
8882;37
8879;38
8884;39
8880;40
8890;41
8875;42
8878;43
8967;44
8933;45
8935;46
8938;47
8979;48
8959;49
8981;50
8947;51
8932;52
8974;53
8980;54
8940;55
8950;56
8946;57
8963;58
8973;59
8948;60
8978;61
8934;62
8969;63
8966;64
8968;65
8949;66
8961;67
8768;68
8769;69
8766;70
8762;71
8972;72
8970;73
8916;74
8764;75
8992;76
8962;77
8971;78
8839;79
8846;80
8200;81
4741;82
4788;83
4629;84
4733;85
4734;86
4624;87
8207;88
8209;89
8210;90
8184;91
4752;92
4602;93
4643;94
4637;95
4795;96
4608;97
4673;98
4781;99
4621;100
837;1
743;2
727;3
973;4
990;5
754;6
839;7
752;8
993;9
1006;10
811;11
995;12
925;13
1041;14
951;15
803;16
725;17
1110;18
1194;19
1131;20
1111;21
1241;22
1058;23
1134;24
1173;25
1236;26
1182;27
1262;28
1113;29
1137;30
1102;31
1130;32
1080;33
1230;34
1279;35
1205;36
1244;37
1116;38
1093;39
1157;40
905;41
904;42
1000;43
1045;44
1001;45
887;46
1037;47
812;48
769;49
847;50
884;51
911;52
823;53
881;54
826;55
824;56
1022;57
705;58
1020;59
868;60
728;61
855;62
738;63
829;64
828;65
996;66
726;67
730;68
966;69
850;70
899;71
841;72
963;73
943;74
900;75
972;76
942;77
748;78
976;79
968;80
755;81
888;82
988;83
873;84
784;85
783;86
908;87
780;88
909;89
906;90
737;91
991;92
1202;93
994;94
1115;95
1275;96
774;97
1014;98
920;99
935;100
7752;1
7713;2
7755;3
7711;4
7754;5
7758;6
7500;7
7744;8
7421;9
1801;10
7728;11
1504;12
1502;13
1503;14
1847;15
1834;16
1837;17
1840;18
1831;19
1844;20
7776;21
7779;22
7773;23
7774;24
7780;25
7775;26
7772;27
7786;28
7778;29
7777;30
7771;31
1854;32
1855;33
1860;34
1859;35
1856;36
7730;37
7722;38
1857;39
1858;40
1853;41
1851;42
7721;43
1852;44
7720;45
7712;46
7760;47
7499;48
7751;49
7714;50
2119;51
2118;52
2115;53
2113;54
2116;55
2111;56
2117;57
2114;58
2112;59
1272;60
1228;61
1267;62
1273;63
1118;64
1168;65
1153;66
1301;67
1302;68
1351;69
1181;70
1180;71
1154;72
1299;73
1360;74
1362;75
1357;76
1193;77
1359;78
1229;79
1352;80
1361;81
1366;82
1197;83
1223;84
1169;85
1339;86
1107;87
1278;88
1255;89
1103;90
1192;91
1109;92
1226;93
1260;94
1125;95
1104;96
1258;97
1135;98
1246;99
1345;100
1493;1
1490;2
618;3
627;4
629;5
632;6
641;7
643;8
531;9
603;10
633;11
649;12
655;13
654;14
653;15
652;16
615;17
1453;18
663;19
604;20
563;21
573;22
555;23
574;24
509;25
570;26
1463;27
631;28
640;29
504;30
505;31
506;32
519;33
520;34
585;35
682;36
698;37
525;38
1439;39
697;40
1448;41
1447;42
1446;43
1445;44
1442;45
554;46
1408;47
1407;48
611;49
523;50
522;51
700;52
513;53
1426;54
1427;55
1428;56
1429;57
1433;58
1435;59
1124;60
1454;61
1283;62
1259;63
1096;64
1072;65
644;66
622;67
612;68
1451;69
1436;70
1101;71
1057;72
1056;73
1281;74
1222;75
1276;76
1145;77
1398;78
1363;79
1184;80
1121;81
1053;82
1119;83
1065;84
1214;85
1166;86
1070;87
1250;88
1147;89
1177;90
1141;91
1051;92
1189;93
1165;94
1389;95
1105;96
1122;97
1123;98
1399;99
1375;100
6117;1
6106;2
6112;3
6129;4
6121;5
6126;6
6111;7
6118;8
6103;9
6107;10
6116;11
5914;12
5912;13
5909;14
5915;15
5539;16
5538;17
5535;18
5969;19
5561;20
5563;21
5557;22
5555;23
5556;24
5908;25
5887;26
5886;27
5888;28
5889;29
6300;30
5899;31
6296;32
5902;33
5903;34
6031;35
6299;36
6029;37
6298;38
6297;39
6279;40
6281;41
6278;42
5571;43
5569;44
6020;45
5565;46
6238;47
6227;48
6224;49
6223;50
5576;51
5580;52
5530;53
6262;54
5570;55
5521;56
6241;57
6246;58
6277;59
6242;60
6240;61
6197;62
6200;63
6199;64
6212;65
6196;66
6206;67
6217;68
6213;69
6210;70
6202;71
6198;72
6209;73
5550;74
6228;75
5547;76
5752;77
5794;78
5753;79
5552;80
5985;81
5984;82
5991;83
5986;84
5993;85
5988;86
5992;87
5949;88
5987;89
5958;90
5963;91
5964;92
5951;93
5962;94
5956;95
5960;96
5955;97
5966;98
5947;99
5961;100
851;1
1046;2
771;3
795;4
711;5
937;6
1049;7
985;8
916;9
934;10
1027;11
914;12
919;13
918;14
921;15
840;16
952;17
926;18
938;19
760;20
809;21
772;22
891;23
845;24
869;25
954;26
883;27
770;28
889;29
744;30
735;31
740;32
796;33
1029;34
814;35
927;36
913;37
732;38
741;39
713;40
844;41
739;42
717;43
786;44
878;45
779;46
947;47
949;48
863;49
785;50
1047;51
789;52
773;53
865;54
977;55
939;56
1013;57
932;58
706;59
858;60
874;61
860;62
761;63
1035;64
1030;65
1004;66
807;67
931;68
885;69
1015;70
861;71
802;72
965;73
1034;74
915;75
1039;76
1011;77
876;78
750;79
707;80
1036;81
989;82
849;83
970;84
759;85
1005;86
788;87
929;88
1033;89
817;90
797;91
701;92
1028;93
987;94
930;95
832;96
958;97
903;98
950;99
953;100
1354;1
1342;2
1068;3
1307;4
1266;5
1292;6
1128;7
1220;8
1245;9
1209;10
1288;11
1268;12
1277;13
781;14
765;15
766;16
724;17
818;18
961;19
709;20
1016;21
1017;22
764;23
893;24
702;25
763;26
842;27
762;28
1948;29
1942;30
1959;31
7432;32
7472;33
7463;34
7466;35
7476;36
7446;37
7445;38
7465;39
7464;40
7442;41
7470;42
7433;43
7431;44
7437;45
7434;46
7435;47
7436;48
7439;49
7438;50
1524;51
7457;52
7459;53
1529;54
7456;55
7478;56
7453;57
7458;58
1521;59
1530;60
7449;61
7447;62
7471;63
7479;64
1523;65
7473;66
7454;67
7455;68
7477;69
7441;70
1767;71
1766;72
1765;73
7469;74
7443;75
7444;76
7468;77
1526;78
7448;79
7450;80
7475;81
7461;82
1528;83
7467;84
1548;85
1605;86
1535;87
1549;88
1531;89
1542;90
7451;91
1527;92
7462;93
7440;94
1525;95
7452;96
7480;97
7460;98
7474;99
1522;100
3117;1
3115;2
3112;3
3795;4
3025;5
3077;6
3322;7
3799;8
3003;9
3034;10
3026;11
3020;12
3016;13
3014;14
3787;15
3794;16
3797;17
3024;18
3319;19
3788;20
3032;21
3336;22
3006;23
3012;24
3790;25
3019;26
3015;27
3011;28
3031;29
3035;30
3008;31
3010;32
3796;33
3793;34
3004;35
3009;36
3030;37
3259;38
3078;39
3079;40
3256;41
3029;42
3027;43
3023;44
3800;45
3257;46
3002;47
3017;48
3798;49
3007;50
3018;51
3786;52
3785;53
3021;54
3033;55
3053;56
3334;57
3791;58
3789;59
3013;60
3792;61
3339;62
3022;63
3028;64
3083;65
3005;66
3308;67
3604;68
3310;69
3230;70
3307;71
3608;72
3231;73
3235;74
3625;75
3272;76
3293;77
3220;78
3621;79
3221;80
3615;81
3595;82
3599;83
3612;84
3618;85
3584;86
3616;87
3315;88
3317;89
3294;90
3609;91
3580;92
3588;93
3617;94
3602;95
3614;96
3592;97
3620;98
3611;99
3613;100
1881;1
7850;2
7851;3
7852;4
7854;5
7856;6
7857;7
7858;8
7859;9
7860;10
7870;11
7538;12
7892;13
7885;14
7881;15
7535;16
7540;17
7533;18
7891;19
7532;20
7849;21
2132;22
2147;23
2146;24
2180;25
2172;26
2140;27
2148;28
2150;29
2149;30
2144;31
2176;32
2141;33
2145;34
2139;35
2135;36
2165;37
2164;38
2154;39
2151;40
7837;41
7826;42
7824;43
7828;44
7825;45
7823;46
7822;47
7847;48
7848;49
7531;50
7846;51
7845;52
7844;53
7843;54
7842;55
7841;56
7830;57
7829;58
7853;59
1672;60
1671;61
1678;62
1945;63
1944;64
1941;65
1947;66
1675;67
1789;68
1946;69
1943;70
7861;71
7862;72
7863;73
7864;74
7865;75
7866;76
7869;77
7868;78
7877;79
7827;80
1953;81
1790;82
1680;83
1960;84
1957;85
1955;86
1954;87
1952;88
1951;89
1679;90
1949;91
1677;92
1796;93
1958;94
1791;95
1673;96
1674;97
1950;98
1676;99
1956;100
1516;1
302;2
326;3
323;4
322;5
324;6
7521;7
345;8
1518;9
339;10
341;11
2171;12
2163;13
2162;14
2131;15
2179;16
2178;17
2137;18
2138;19
2289;20
2288;21
342;22
348;23
349;24
1511;25
2207;26
7928;27
2209;28
7923;29
7907;30
7925;31
2210;32
7926;33
7927;34
7922;35
7921;36
7929;37
1870;38
1866;39
1865;40
1862;41
1861;42
1878;43
1877;44
1873;45
1872;46
1871;47
1771;48
1777;49
1512;50
2241;51
2242;52
2244;53
2245;54
2246;55
2248;56
2250;57
2252;58
2253;59
2212;60
2260;61
2211;62
2213;63
2214;64
2215;65
2222;66
1609;67
1544;68
1533;69
1537;70
1610;71
1538;72
1601;73
1541;74
1546;75
1534;76
1606;77
1547;78
1602;79
1604;80
1603;81
1532;82
1543;83
1545;84
1607;85
1550;86
1539;87
1540;88
1536;89
2224;90
2228;91
2229;92
2034;93
2203;94
2202;95
2206;96
2205;97
2204;98
2208;99
2201;100
1905;1
7418;2
7415;3
2020;4
1895;5
1939;6
1923;7
2009;8
1900;9
2018;10
7655;11
7652;12
7662;13
7661;14
7653;15
7669;16
7651;17
7664;18
7654;19
7666;20
7668;21
7658;22
7307;23
7304;24
7302;25
7305;26
7301;27
7309;28
7306;29
7308;30
7310;31
7322;32
7312;33
7318;34
7324;35
7311;36
7933;37
7934;38
7935;39
7936;40
7937;41
7938;42
7939;43
7940;44
7941;45
7931;46
7932;47
7947;48
7948;49
7949;50
7950;51
7951;52
7952;53
7942;54
7943;55
7944;56
7945;57
7946;58
7953;59
7955;60
7957;61
7958;62
7960;63
7961;64
7962;65
7963;66
7964;67
7965;68
7966;69
7967;70
7968;71
7969;72
7970;73
7650;74
7649;75
2184;76
2181;77
7660;78
7656;79
7657;80
7634;81
7638;82
7637;83
7633;84
7640;85
1506;86
1510;87
1509;88
1501;89
7667;90
1508;91
7663;92
7670;93
7659;94
7665;95
7635;96
7639;97
7636;98
7632;99
7631;100
753;1
768;2
767;3
1012;4
1023;5
901;6
969;7
998;8
843;9
854;10
776;11
912;12
821;13
1026;14
871;15
870;16
896;17
721;18
962;19
984;20
1009;21
720;22
960;23
710;24
1018;25
879;26
857;27
933;28
1050;29
967;30
736;31
971;32
852;33
856;34
746;35
992;36
808;37
964;38
1007;39
704;40
816;41
1042;42
1025;43
716;44
719;45
902;46
792;47
1008;48
778;49
722;50
940;51
734;52
928;53
892;54
835;55
804;56
790;57
999;58
910;59
975;60
882;61
791;62
703;63
924;64
708;65
714;66
981;67
733;68
886;69
955;70
946;71
853;72
712;73
866;74
936;75
1043;76
948;77
944;78
798;79
997;80
978;81
867;82
805;83
757;84
1044;85
1010;86
1040;87
742;88
787;89
945;90
890;91
836;92
833;93
800;94
957;95
838;96
825;97
983;98
1038;99
956;100
4939;1
4947;2
4946;3
4928;4
4937;5
4940;6
4732;7
8185;8
8211;9
8212;10
8208;11
8260;12
8262;13
8253;14
8264;15
8255;16
4812;17
5357;18
5362;19
5345;20
5356;21
5355;22
5354;23
5358;24
5360;25
5361;26
5343;27
5350;28
5349;29
5353;30
5351;31
5359;32
5347;33
5344;34
5346;35
5348;36
5352;37
7139;38
7134;39
7128;40
7129;41
7127;42
7124;43
7123;44
250;45
8804;46
82;47
247;48
241;49
249;50
81;51
243;52
244;53
246;54
242;55
84;56
245;57
16;58
8805;59
239;60
238;61
113;62
159;63
191;64
160;65
152;66
175;67
166;68
154;69
151;70
210;71
183;72
182;73
178;74
177;75
174;76
173;77
172;78
171;79
170;80
169;81
168;82
167;83
165;84
164;85
158;86
157;87
156;88
155;89
180;90
112;91
106;92
135;93
127;94
134;95
133;96
123;97
125;98
104;99
101;100
5020;1
83;2
6699;3
6686;4
4862;5
4864;6
4827;7
4912;8
4845;9
4842;10
4924;11
4873;12
4855;13
4875;14
4880;15
4878;16
4921;17
4838;18
4835;19
4830;20
4836;21
4829;22
5055;23
5080;24
5079;25
5088;26
5372;27
5091;28
5177;29
5334;30
5370;31
5137;32
5176;33
5278;34
5331;35
5279;36
5276;37
5013;38
5012;39
5328;40
5161;41
5332;42
5339;43
5371;44
5056;45
5092;46
5089;47
5062;48
5313;49
5338;50
5318;51
5342;52
5337;53
5138;54
5333;55
5025;56
5300;57
5297;58
5060;59
5057;60
5173;61
5329;62
5024;63
5341;64
5134;65
5010;66
5175;67
5367;68
5285;69
5307;70
5027;71
5045;72
5109;73
5044;74
5220;75
5099;76
5216;77
5202;78
4852;79
4854;80
5083;81
5082;82
5369;83
5314;84
5026;85
5335;86
5336;87
5340;88
5215;89
5003;90
5001;91
5214;92
5054;93
5282;94
5139;95
5160;96
5028;97
5030;98
5294;99
5136;100
8754;1
4934;2
6317;3
4818;4
4904;5
4901;6
2379;7
2651;8
2609;9
2931;10
2721;11
2555;12
2514;13
2477;14
2482;15
2916;16
6756;17
6451;18
6997;19
4900;20
4235;21
4896;22
6910;23
5102;24
5086;25
5309;26
5311;27
5058;28
5059;29
6881;30
6343;31
6876;32
6385;33
7218;34
6942;35
6928;36
6540;37
6897;38
6684;39
6532;40
6554;41
6788;42
6658;43
6891;44
6764;45
6529;46
6648;47
6509;48
6561;49
2804;50
2844;51
2429;52
2424;53
6929;54
85;55
4241;56
8690;57
8753;58
4903;59
5087;60
5084;61
8687;62
8698;63
8829;64
8830;65
8701;66
5033;67
6135;68
6136;69
8705;70
8692;71
4935;72
4941;73
4945;74
4933;75
4931;76
4932;77
4949;78
4948;79
4936;80
4930;81
8693;82
8704;83
8712;84
4950;85
55;86
5460;1
5464;2
5461;3
5466;4
5451;5
5463;6
5396;7
5190;8
5184;9
5288;10
5101;11
5204;12
5208;13
5206;14
5211;15
5100;16
5443;17
5462;18
5471;19
5453;20
5377;21
5188;22
5151;23
5147;24
5191;25
5140;26
5199;27
5157;28
5146;29
5205;30
5468;31
5459;32
5467;33
5458;34
5457;35
5472;36
5475;37
5180;38
5185;39
5452;40
5470;41
5273;42
5261;43
5268;44
5274;45
5270;46
5264;47
5454;48
5455;49
5465;50
5128;51
5126;52
5121;53
5120;54
5232;55
5036;56
5130;57
5405;58
5435;59
5395;60
5425;61
5428;62
5426;63
5450;64
5183;65
5179;66
5178;67
5444;68
5427;69
5224;70
5476;71
5257;72
5408;73
5406;74
5403;75
5413;76
5419;77
5440;78
5431;79
5437;80
5499;81
5493;82
5495;83
5496;84
5486;85
5485;86
5484;87
5479;88
5492;89
5494;90
5255;91
5469;92
5490;93
5456;94
5487;95
5477;96
5498;97
5497;98
5500;99
5481;100
7082;1
7051;2
7055;3
7053;4
7059;5
7056;6
7014;7
7117;8
7109;9
7016;10
7107;11
7089;12
7052;13
7084;14
7054;15
7060;16
7073;17
7074;18
7104;19
7097;20
7098;21
7114;22
7111;23
7103;24
7015;25
7118;26
7072;27
7080;28
7079;29
7012;30
7113;31
7099;32
7101;33
7075;34
7077;35
7071;36
7106;37
7102;38
7120;39
7013;40
7078;41
7040;42
7035;43
7036;44
7039;45
7110;46
7046;47
7008;48
7004;49
7006;50
7068;51
7069;52
7063;53
7020;54
7011;55
7017;56
7003;57
7044;58
7009;59
7042;60
7070;61
7066;62
7007;63
7010;64
7045;65
7005;66
7048;67
7061;68
7047;69
7062;70
7064;71
7050;72
7043;73
7067;74
7041;75
5290;76
5287;77
5474;78
5473;79
5423;80
5422;81
5424;82
5442;83
5414;84
5445;85
5449;86
5430;87
5432;88
5433;89
5447;90
5429;91
5434;92
5448;93
5446;94
5441;95
5421;96
5436;97
5438;98
5439;99
117;100
118;1
103;2
111;3
119;4
115;5
105;6
114;7
124;8
120;9
110;10
116;11
107;12
122;13
109;14
70;15
8803;16
8802;17
63;18
64;19
67;20
57;21
52;22
60;23
56;24
59;25
68;26
53;27
54;28
69;29
65;30
58;31
51;32
8799;33
8797;34
61;35
8796;36
66;37
62;38
11;39
74;40
77;41
72;42
78;43
75;44
79;45
228;46
227;47
225;48
223;49
230;50
233;51
232;52
7181;53
7176;54
43;55
27;56
39;57
42;58
7172;59
38;60
36;61
31;62
7175;63
1;64
7171;65
9;66
37;67
26;68
44;69
13;70
20;71
19;72
14;73
22;74
6;75
18;76
21;77
23;78
28;79
8792;80
8783;81
8780;82
8686;83
8688;84
8699;85
10;86
8;87
17;88
7;89
40;90
7174;91
45;92
25;93
32;94
33;95
41;96
34;97
24;98
15;99
8782;100
8793;1
8786;2
8790;3
8781;4
8794;5
8779;6
8795;7
8784;8
8788;9
8787;10
8785;11
8776;12
8789;13
8778;14
8777;15
8791;16
7257;17
7258;18
7259;19
7260;20
7261;21
7262;22
7263;23
7264;24
7265;25
7266;26
7154;27
7156;28
90;29
7158;30
97;31
88;32
7164;33
98;34
95;35
7170;36
7159;37
93;38
96;39
7166;40
86;41
7155;42
92;43
7161;44
99;45
100;46
94;47
7162;48
7168;49
7163;50
7153;51
7169;52
7157;53
91;54
7165;55
7167;56
7160;57
7152;58
89;59
7151;60
300;61
293;62
7178;63
282;64
299;65
294;66
261;67
259;68
297;69
279;70
254;71
253;72
252;73
270;74
267;75
273;76
277;77
264;78
262;79
271;80
265;81
283;82
266;83
272;84
276;85
251;86
255;87
284;88
290;89
286;90
281;91
285;92
268;93
275;94
274;95
278;96
269;97
298;98
288;99
4439;100
4445;1
4441;2
4447;3
4443;4
4435;5
4465;6
4460;7
4424;8
4438;9
4456;10
4464;11
4453;12
4449;13
4485;14
4482;15
4477;16
4480;17
4373;18
4367;19
4366;20
4363;21
4381;22
4360;23
4353;24
4361;25
4374;26
4376;27
4387;28
4352;29
4377;30
4362;31
4368;32
4389;33
4351;34
4355;35
4323;36
4384;37
4354;38
4375;39
4394;40
4319;41
4380;42
4358;43
4338;44
4321;45
4328;46
4340;47
4335;48
4302;49
4303;50
4348;51
4396;52
4397;53
4337;54
4305;55
4316;56
4312;57
4330;58
4399;59
4331;60
4334;61
4317;62
4347;63
4398;64
4322;65
4311;66
4342;67
4345;68
4343;69
4339;70
4332;71
4309;72
4346;73
4307;74
4341;75
4310;76
4325;77
4314;78
4304;79
4393;80
4349;81
4308;82
4400;83
4395;84
4318;85
4326;86
4306;87
4320;88
4392;89
4391;90
4315;91
4313;92
4324;93
4336;94
4301;95
4344;96
4350;97
4333;98
4327;99
2501;100
2502;1
2735;2
2734;3
2710;4
2729;5
2711;6
2600;7
2599;8
2597;9
2592;10
2590;11
2589;12
2587;13
2586;14
2584;15
2580;16
2579;17
2578;18
2577;19
2571;20
2568;21
2567;22
2560;23
2559;24
2557;25
2638;26
2550;27
2549;28
2548;29
2531;30
2527;31
2525;32
2523;33
2522;34
2520;35
2519;36
2517;37
2516;38
2515;39
2646;40
2513;41
2512;42
2511;43
2509;44
2505;45
2733;46
2714;47
2712;48
2716;49
2713;50
2709;51
2708;52
2629;53
2726;54
2731;55
2702;56
2740;57
2717;58
2736;59
2727;60
2701;61
2732;62
2706;63
2704;64
2705;65
2728;66
2737;67
2739;68
2724;69
2720;70
2718;71
2730;72
2715;73
2738;74
2703;75
2707;76
2725;77
2808;78
2809;79
2810;80
2811;81
2823;82
2825;83
2826;84
2827;85
2828;86
2835;87
2836;88
2839;89
2840;90
2841;91
2842;92
2843;93
2845;94
2846;95
2847;96
2848;97
2849;98
2850;99
2471;100
2432;1
2434;2
2401;3
2463;4
2450;5
2472;6
2414;7
2455;8
2465;9
2422;10
2438;11
2443;12
2435;13
2437;14
2408;15
2417;16
2468;17
2444;18
2405;19
2430;20
2416;21
2458;22
2480;23
2452;24
2445;25
2415;26
2439;27
2406;28
2404;29
2478;30
2420;31
2456;32
2413;33
2402;34
2467;35
2454;36
2448;37
2425;38
2436;39
2421;40
2411;41
2601;42
2602;43
2603;44
2604;45
2605;46
2606;47
2607;48
2608;49
2626;50
2610;51
2611;52
2612;53
2613;54
2614;55
2615;56
2616;57
2617;58
2618;59
2620;60
2622;61
2623;62
2624;63
2625;64
2627;65
2630;66
2632;67
2633;68
2634;69
2635;70
2637;71
2641;72
2642;73
2643;74
2644;75
2645;76
2647;77
2648;78
2649;79
2650;80
2621;81
2652;82
2653;83
2654;84
2655;85
2656;86
2657;87
2658;88
2659;89
2660;90
2661;91
2662;92
2663;93
2664;94
2665;95
2666;96
2667;97
2668;98
2669;99
2801;100
2901;1
2902;2
2903;3
2904;4
2905;5
2906;6
2907;7
2908;8
2909;9
2910;10
2911;11
2912;12
2913;13
2914;14
2915;15
2917;16
2918;17
2919;18
2920;19
2921;20
2922;21
2923;22
2924;23
2925;24
2926;25
2927;26
2928;27
2929;28
2930;29
2628;30
2932;31
2933;32
2934;33
2935;34
2936;35
2937;36
2938;37
2939;38
2940;39
2941;40
2942;41
2943;42
2944;43
2945;44
2946;45
2947;46
2948;47
2949;48
2950;49
2951;50
2952;51
2953;52
2954;53
2955;54
2956;55
2957;56
2958;57
2959;58
2960;59
2961;60
2962;61
2963;62
2964;63
2965;64
2966;65
2967;66
2968;67
2969;68
2970;69
2971;70
2972;71
2973;72
2974;73
2975;74
2976;75
2977;76
2978;77
2979;78
2980;79
2981;80
2982;81
2983;82
2984;83
2985;84
2986;85
2987;86
2988;87
2989;88
2990;89
2991;90
2992;91
2993;92
2994;93
2995;94
2996;95
2997;96
2998;97
2999;98
3000;99
4647;100
4650;1
4670;2
4619;3
4646;4
4720;5
4661;6
4796;7
4721;8
4753;9
4735;10
4692;11
4614;12
4799;13
4723;14
4609;15
4675;16
4671;17
4757;18
4777;19
4779;20
4612;21
4605;22
4648;23
4689;24
4622;25
4645;26
4623;27
4652;28
4626;29
4604;30
4627;31
4635;32
4610;33
4744;34
1697;35
1708;36
1823;37
1821;38
1706;39
1826;40
1695;41
1700;42
7811;43
7815;44
7814;45
7801;46
2120;47
1634;48
2001;49
1896;50
7420;51
2008;52
1637;53
7601;54
1647;55
1908;56
1903;57
1641;58
1643;59
1907;60
1636;61
1632;62
1911;63
1906;64
7411;65
1639;66
2010;67
1935;68
2006;69
2016;70
2011;71
1920;72
1909;73
1640;74
1646;75
1902;76
2004;77
1648;78
7413;79
1892;80
1937;81
1898;82
1929;83
1638;84
1633;85
7416;86
2014;87
1917;88
1893;89
1927;90
2019;91
1940;92
1919;93
1642;94
1635;95
1918;96
1912;97
7350;98
1691;99
4794;100
4787;1
4617;2
3932;3
3948;4
3977;5
3959;6
3961;7
3946;8
3957;9
3976;10
3978;11
3956;12
3969;13
3965;14
3964;15
3958;16
3960;17
3975;18
3963;19
2640;20
8637;21
8632;22
8639;23
8631;24
8634;25
8633;26
8655;27
8652;28
8679;29
3986;30
3990;31
3996;32
3989;33
3991;34
3994;35
8555;36
8544;37
8550;38
8554;39
8532;40
8552;41
8533;42
3922;43
3914;44
3924;45
3906;46
3909;47
3902;48
3910;49
3901;50
3937;51
3918;52
8568;53
8559;54
8570;55
4429;56
4404;57
4405;58
4422;59
4406;60
4414;61
4450;62
4459;63
4470;64
4462;65
4455;66
4463;67
4461;68
4442;69
4434;70
4451;71
4446;72
4431;73
4448;74
4432;75
4457;76
4468;77
4409;78
4025;79
4015;80
4034;81
4033;82
4037;83
4012;84
4017;85
4020;86
4018;87
4024;88
4026;89
4019;90
4022;91
4021;92
4027;93
4039;94
4002;95
4001;96
4007;97
4010;98
4005;99
2302;100
2313;1
2321;2
2320;3
2322;4
2802;5
2803;6
2805;7
2806;8
2807;9
2396;10
2331;11
2385;12
2398;13
2353;14
2333;15
2329;16
2348;17
2373;18
2344;19
2349;20
2328;21
2375;22
2376;23
2332;24
2407;25
2381;26
2327;27
2374;28
2343;29
2377;30
2342;31
2339;32
2378;33
2330;34
2326;35
2354;36
2341;37
2370;38
2361;39
2380;40
2389;41
2851;42
2852;43
2853;44
2854;45
2855;46
2856;47
2857;48
2858;49
2860;50
2861;51
2754;52
2752;53
2753;54
2767;55
2766;56
2800;57
2761;58
2762;59
2764;60
2763;61
2781;62
2760;63
2772;64
2765;65
2756;66
2755;67
2759;68
2758;69
2778;70
2774;71
2776;72
2787;73
2794;74
2783;75
2790;76
2782;77
2777;78
2798;79
2788;80
2799;81
4410;82
4531;83
4530;84
4529;85
4401;86
4411;87
4408;88
4427;89
4416;90
4419;91
4407;92
4413;93
4426;94
4430;95
4415;96
4417;97
4428;98
4403;99
1290;100
1095;1
1265;2
1231;3
1332;4
1320;5
1319;6
1318;7
1317;8
1315;9
551;10
1437;11
1415;12
1414;13
1417;14
609;15
607;16
674;17
575;18
534;19
553;20
616;21
1440;22
1441;23
557;24
1461;25
1450;26
610;27
630;28
567;29
543;30
628;31
620;32
617;33
503;34
527;35
541;36
545;37
547;38
548;39
1456;40
1458;41
501;42
502;43
664;44
665;45
662;46
658;47
521;48
539;49
690;50
689;51
1422;52
1402;53
657;54
656;55
1489;56
510;57
1457;58
512;59
552;60
605;61
599;62
661;63
581;64
580;65
577;66
568;67
565;68
560;69
1452;70
1420;71
1424;72
1425;73
1423;74
1492;75
1500;76
1410;77
1411;78
1449;79
593;80
556;81
592;82
582;83
1495;84
507;85
619;86
1403;87
515;88
1405;89
530;90
533;91
537;92
637;93
699;94
1444;95
538;96
540;97
562;98
672;99
3171;100
3099;1
3266;2
3246;3
3324;4
3326;5
3325;6
3193;7
3176;8
3184;9
3244;10
3090;11
3267;12
3098;13
3094;14
3331;15
3330;16
3329;17
3328;18
3162;19
3191;20
3323;21
3174;22
3186;23
3303;24
3158;25
3172;26
3283;27
3192;28
3265;29
3159;30
3151;31
3264;32
3188;33
3241;34
3173;35
3305;36
3281;37
3183;38
3320;39
3306;40
3146;41
3181;42
3182;43
3263;44
3178;45
3169;46
3180;47
3240;48
3270;49
3318;50
3242;51
3262;52
3147;53
3149;54
3156;55
3177;56
3261;57
3284;58
3145;59
3092;60
3091;61
3097;62
3164;63
3185;64
3321;65
3170;66
3166;67
3160;68
3093;69
3168;70
3157;71
3190;72
3338;73
3260;74
3189;75
3248;76
3299;77
3247;78
3243;79
3150;80
3194;81
3148;82
3167;83
3277;84
3095;85
3154;86
3175;87
3187;88
3152;89
3163;90
3302;91
3155;92
3179;93
3282;94
3165;95
3304;96
3153;97
3279;98
1138;99
1133;100
815;1
894;2
1003;3
729;4
747;5
834;6
895;7
859;8
822;9
846;10
986;11
864;12
872;13
917;14
922;15
1031;16
877;17
1002;18
794;19
806;20
923;21
745;22
1019;23
718;24
897;25
880;26
862;27
974;28
756;29
959;30
799;31
898;32
810;33
758;34
777;35
1048;36
775;37
941;38
830;39
813;40
827;41
723;42
980;43
831;44
782;45
793;46
715;47
907;48
875;49
1032;50
801;51
1021;52
820;53
819;54
8075;55
7986;56
8062;57
7981;58
8066;59
8069;60
8061;61
8025;62
8074;63
7988;64
8065;65
8063;66
8068;67
8067;68
8080;69
7982;70
7983;71
8076;72
8070;73
8073;74
7985;75
8059;76
8060;77
8077;78
7984;79
8064;80
8079;81
8072;82
8071;83
8078;84
7987;85
7989;86
7990;87
352;88
370;89
400;90
355;91
368;92
354;93
359;94
381;95
1819;96
360;97
356;98
3402;99
3362;100
3389;1
3377;2
3400;3
3404;4
3401;5
3406;6
3394;7
3437;8
3420;9
3412;10
3424;11
3428;12
3405;13
3411;14
3421;15
3353;16
3342;17
3410;18
3415;19
3347;20
3436;21
3422;22
3348;23
3426;24
3434;25
3427;26
3431;27
3379;28
3403;29
3441;30
3433;31
3430;32
3429;33
3255;34
3253;35
3041;36
3664;37
3687;38
3686;39
3684;40
3693;41
3674;42
3425;43
3440;44
3249;45
3051;46
3052;47
3047;48
3652;49
3691;50
3548;51
3680;52
3546;53
3682;54
3676;55
3679;56
3689;57
3659;58
3409;59
3442;60
3366;61
3387;62
3358;63
3374;64
3392;65
3364;66
3384;67
3355;68
3432;69
3416;70
3346;71
3438;72
3435;73
3407;74
3423;75
3419;76
3418;77
3413;78
3120;79
3119;80
3327;81
3195;82
3219;83
3208;84
3214;85
3207;86
3213;87
3301;88
3118;89
3107;90
3105;91
3100;92
3101;93
3102;94
3103;95
3124;96
3123;97
3122;98
3056;99
3070;100
3072;1
3065;2
3060;3
3073;4
3066;5
3074;6
3067;7
3062;8
3061;9
3560;10
3645;11
3627;12
3639;13
3574;14
3647;15
3564;16
3563;17
3630;18
3631;19
3649;20
3638;21
3632;22
3556;23
3572;24
3570;25
3573;26
3566;27
3568;28
3736;29
3738;30
3709;31
3063;32
3071;33
3064;34
3068;35
3058;36
3069;37
3055;38
3706;39
3696;40
3739;41
3720;42
3697;43
3725;44
3740;45
3704;46
3710;47
3712;48
3717;49
3714;50
3716;51
3741;52
3713;53
3708;54
3737;55
3728;56
3711;57
3718;58
3036;59
3045;60
3040;61
3049;62
3048;63
3054;64
3039;65
3545;66
3044;67
3038;68
3043;69
3046;70
3042;71
3252;72
3050;73
3698;74
3715;75
3744;76
3699;77
3707;78
3544;79
3665;80
3667;81
3550;82
3655;83
3694;84
3661;85
3673;86
3657;87
3660;88
3653;89
3671;90
3663;91
3547;92
3685;93
3677;94
3658;95
3688;96
3683;97
3690;98
1213;99
1162;100
1297;1
1263;2
1126;3
1379;4
1253;5
1055;6
1196;7
1114;8
1257;9
1211;10
1185;11
1108;12
1140;13
1117;14
1264;15
1199;16
1298;17
1083;18
1132;19
1136;20
1127;21
1179;22
1198;23
1183;24
1293;25
1254;26
1240;27
1139;28
673;29
1496;30
526;31
625;32
1486;33
579;34
569;35
600;36
669;37
668;38
666;39
671;40
1462;41
1460;42
1485;43
1487;44
1494;45
1499;46
1497;47
1491;48
1498;49
667;50
1455;51
591;52
1434;53
578;54
566;55
550;56
561;57
564;58
572;59
571;60
477;61
475;62
406;63
438;64
471;65
495;66
418;67
441;68
429;69
488;70
410;71
411;72
487;73
440;74
428;75
414;76
466;77
415;78
497;79
432;80
417;81
416;82
443;83
465;84
493;85
464;86
444;87
423;88
492;89
402;90
490;91
433;92
446;93
435;94
425;95
419;96
412;97
1203;98
5965;99
4731;100
4667;1
4620;2
4739;3
4798;4
4722;5
4677;6
4738;7
4737;8
4672;9
4642;10
4724;11
4664;12
4755;13
4758;14
4641;15
4636;16
4782;17
4625;18
4639;19
4656;20
4665;21
4786;22
4653;23
4603;24
4634;25
4630;26
4666;27
4632;28
4631;29
4730;30
4633;31
4607;32
4611;33
4742;34
4740;35
4743;36
4785;37
4674;38
4715;39
4706;40
4651;41
4736;42
4618;43
4688;44
4687;45
4727;46
4797;47
4725;48
4616;49
4759;50
4660;51
4760;52
4615;53
4649;54
4644;55
4658;56
4800;57
4613;58
4606;59
4778;60
4601;61
4668;62
4716;63
4745;64
4780;65
4628;66
4756;67
4713;68
4676;69
4792;70
3594;71
3610;72
3313;73
3239;74
3233;75
3274;76
3234;77
3311;78
3296;79
3273;80
3237;81
3295;82
3606;83
3605;84
3236;85
3227;86
3222;87
3225;88
3623;89
3223;90
3228;91
3224;92
3314;93
3275;94
3622;95
3759;96
3747;97
3755;98
3754;99
108;100
1060;1
1296;2
1323;3
1306;4
1308;5
1073;6
1305;7
1071;8
1309;9
1310;10
1085;11
1311;12
1303;13
1326;14
1322;15
1321;16
1313;17
1329;18
1094;19
1087;20
1084;21
1081;22
1079;23
1078;24
1077;25
1075;26
1082;27
1091;28
1089;29
1092;30
1088;31
1074;32
1090;33
1076;34
1324;35
8685;36
1331;37
1314;38
1304;39
1327;40
1333;41
1330;42
1328;43
1325;44
1316;45
1312;46
1300;47
1227;48
1097;49
1120;50
1161;51
1367;52
1336;53
1364;54
1365;55
1174;56
1112;57
1289;58
1287;59
1224;60
1206;61
1239;62
1217;63
1251;64
1175;65
1191;66
1187;67
1269;68
1294;69
1210;70
1219;71
1167;72
1151;73
1148;74
1146;75
1256;76
1054;77
1149;78
1144;79
1248;80
1186;81
576;82
546;83
1401;84
681;85
646;86
511;87
549;88
596;89
639;90
535;91
1488;92
650;93
597;94
598;95
601;96
606;97
1473;98
1483;99
1468;100
1470;1
